zipcode,income_bucket,n_returns,agi,total_income,city
6001,1,2100,19313,19920,Avon
6001,2,990,36486,37528,Avon
6001,3,910,56853,58191,Avon
6001,4,860,74414,75762,Avon
6001,5,2210,316572,324034,Avon
6001,6,2190,1189801,1216237,Avon
6002,1,3260,40239,41047,Bloomfield
6002,2,2790,102477,103791,Bloomfield
6002,3,2080,128359,129872,Bloomfield
6002,4,1280,110396,111300,Bloomfield
6002,5,1810,245589,248660,Bloomfield
6002,6,690,345457,350412,Bloomfield
6010,1,9670,121282,123070,Bristol
6010,2,7420,271582,274802,Bristol
6010,3,4930,303436,306822,Bristol
6010,4,3250,281786,284516,Bristol
6010,5,4390,583986,589768,Bristol
6010,6,640,212093,217254,Bristol
6013,1,1120,11012,11270,Burlington
6013,2,570,21047,21560,Burlington
6013,3,570,35375,36019,Burlington
6013,4,510,44367,45104,Burlington
6013,5,1290,182408,185729,Burlington
6013,6,640,234351,238474,Burlington
6016,1,890,10909,11106,Broad Brook
6016,2,750,27368,27811,Broad Brook
6016,3,550,34221,34640,Broad Brook
6016,4,380,32956,33283,Broad Brook
6016,5,620,83158,84156,Broad Brook
6016,6,130,39873,41185,Broad Brook
6018,1,510,6359,6587,Canaan
6018,2,380,13233,13480,Canaan
6018,3,230,14028,14232,Canaan
6018,4,120,10206,10522,Canaan
6018,5,140,18806,19376,Canaan
6018,6,30,7863,7863,Canaan
6019,1,1180,12436,12759,Canton
6019,2,730,27378,28289,Canton
6019,3,610,38026,38882,Canton
6019,4,530,46285,46907,Canton
6019,5,1110,155782,158316,Canton
6019,6,660,287845,293507,Canton
6021,1,190,2239,2286,Colebrook
6021,2,130,4584,4744,Colebrook
6021,3,100,6250,6361,Colebrook
6021,4,100,8390,8459,Colebrook
6021,5,160,22085,22914,Colebrook
6021,6,40,15047,15047,Colebrook
6023,1,190,1974,2002,East Berlin
6023,2,110,3834,3908,East Berlin
6023,3,100,6559,6726,East Berlin
6023,4,80,7322,7354,East Berlin
6023,5,180,24789,25028,East Berlin
6023,6,50,16834,17086,East Berlin
6024,1,100,1076,1124,East Canaan
6024,2,70,2647,2697,East Canaan
6024,3,40,2783,2906,East Canaan
6024,4,20,1670,1670,East Canaan
6024,5,50,7094,7226,East Canaan
6024,6,0,0,0,East Canaan
6026,1,600,6796,6973,East Granby
6026,2,460,17105,17402,East Granby
6026,3,380,23347,23686,East Granby
6026,4,320,27880,28188,East Granby
6026,5,690,95791,97586,East Granby
6026,6,210,69149,70957,East Granby
6027,1,190,2245,2291,East Hartland
6027,2,140,5095,5207,East Hartland
6027,3,100,6200,6341,East Hartland
6027,4,100,8530,8719,East Hartland
6027,5,160,21570,21881,East Hartland
6027,6,50,15528,15916,East Hartland
6029,1,1850,20913,21341,Ellington
6029,2,1530,57012,58083,Ellington
6029,3,1190,73565,74968,Ellington
6029,4,940,82163,83495,Ellington
6029,5,1950,270723,274611,Ellington
6029,6,710,264051,269136,Ellington
6031,1,170,2024,2092,Falls Village
6031,2,130,4838,4967,Falls Village
6031,3,80,5190,5362,Falls Village
6031,4,50,4090,4219,Falls Village
6031,5,90,12148,12435,Falls Village
6031,6,50,20488,20824,Falls Village
6032,1,2100,22652,23346,Farmington
6032,2,1430,53074,54475,Farmington
6032,3,1300,80987,82463,Farmington
6032,4,1020,88311,89356,Farmington
6032,5,2080,290199,295464,Farmington
6032,6,1440,827983,842551,Farmington
6033,1,3440,35852,36768,Glastonbury
6033,2,2010,74826,76559,Glastonbury
6033,3,1720,107249,109521,Glastonbury
6033,4,1490,129636,131871,Glastonbury
6033,5,3510,504649,512824,Glastonbury
6033,6,2510,1134191,1156133,Glastonbury
6035,1,890,9385,9605,Granby
6035,2,550,20231,20722,Granby
6035,3,540,33127,33855,Granby
6035,4,440,38438,38962,Granby
6035,5,960,133179,135341,Granby
6035,6,370,117961,119900,Granby
6037,1,2700,29923,30568,Berlin
6037,2,1680,62419,63610,Berlin
6037,3,1430,89123,90624,Berlin
6037,4,1140,98566,99830,Berlin
6037,5,2420,336047,340006,Berlin
6037,6,730,267594,274210,Berlin
6039,1,280,3119,3252,Lakeville
6039,2,230,8376,8691,Lakeville
6039,3,120,7630,7943,Lakeville
6039,4,130,11357,11862,Lakeville
6039,5,200,26814,27609,Lakeville
6039,6,120,73252,74748,Lakeville
6040,1,5800,73470,74605,Manchester
6040,2,4610,168028,170075,Manchester
6040,3,2820,174113,175972,Manchester
6040,4,1790,154456,155869,Manchester
6040,5,2430,331028,334447,Manchester
6040,6,560,189510,193239,Manchester
6042,1,3260,41818,42400,Manchester
6042,2,3070,113855,115244,Manchester
6042,3,2500,155005,156475,Manchester
6042,4,1810,156260,157350,Manchester
6042,5,1770,233024,235138,Manchester
6042,6,230,71433,73358,Manchester
6043,1,630,6780,6942,Bolton
6043,2,400,14661,14895,Bolton
6043,3,350,21787,22192,Bolton
6043,4,300,26560,27017,Bolton
6043,5,650,89963,91278,Bolton
6043,6,260,83567,86465,Bolton
6051,1,6660,88174,89012,New Britain
6051,2,4330,153215,154267,New Britain
6051,3,1520,91316,91941,New Britain
6051,4,550,46810,47103,New Britain
6051,5,390,50568,50921,New Britain
6051,6,0,0,0,New Britain
6052,1,1350,16971,17234,New Britain
6052,2,1080,39472,39900,New Britain
6052,3,640,39379,39920,New Britain
6052,4,350,29937,30264,New Britain
6052,5,460,62838,63495,New Britain
6052,6,100,33254,34300,New Britain
6053,1,6220,81734,82947,New Britain
6053,2,4710,170527,172206,New Britain
6053,3,2530,154516,155890,New Britain
6053,4,1320,113603,114443,New Britain
6053,5,1100,141147,142420,New Britain
6053,6,80,31109,31109,New Britain
6057,1,910,9959,10201,New Hartford
6057,2,590,21859,22447,New Hartford
6057,3,460,28352,29139,New Hartford
6057,4,390,33390,34193,New Hartford
6057,5,820,113952,115853,New Hartford
6057,6,270,112040,113878,New Hartford
6058,1,260,2995,3108,Norfolk
6058,2,140,5156,5294,Norfolk
6058,3,100,6378,6563,Norfolk
6058,4,90,7715,7994,Norfolk
6058,5,150,20189,20694,Norfolk
6058,6,70,35693,36099,Norfolk
6060,1,270,2444,2477,North Granby
6060,2,120,4732,4887,North Granby
6060,3,100,6383,6695,North Granby
6060,4,130,11083,11278,North Granby
6060,5,360,52481,53316,North Granby
6060,6,220,88741,89877,North Granby
6062,1,2750,33413,34015,Plainville
6062,2,2290,85709,86880,Plainville
6062,3,1680,103554,104688,Plainville
6062,4,1070,92509,93364,Plainville
6062,5,1430,190293,192326,Plainville
6062,6,190,70402,72066,Plainville
6063,1,450,5131,5303,Barkhamsted
6063,2,250,9280,9532,Barkhamsted
6063,3,240,15104,15317,Barkhamsted
6063,4,240,20566,21076,Barkhamsted
6063,5,420,58390,59201,Barkhamsted
6063,6,90,36763,37064,Barkhamsted
6065,1,110,1239,1278,Riverton
6065,2,60,2323,2323,Riverton
6065,3,50,2893,2994,Riverton
6065,4,70,5723,5723,Riverton
6065,5,90,14414,14517,Riverton
6065,6,0,0,0,Riverton
6066,1,4490,56408,57348,Vernon Rockville
6066,2,3880,142586,144431,Vernon Rockville
6066,3,2720,167812,169539,Vernon Rockville
6066,4,1730,149171,150562,Vernon Rockville
6066,5,2460,330858,334199,Vernon Rockville
6066,6,400,150940,153541,Vernon Rockville
6067,1,2420,27636,28243,Rocky Hill
6067,2,2000,74522,75839,Rocky Hill
6067,3,1900,118448,119905,Rocky Hill
6067,4,1450,125179,126448,Rocky Hill
6067,5,2240,307610,311031,Rocky Hill
6067,6,720,261126,266366,Rocky Hill
6068,1,200,2298,2392,Salisbury
6068,2,150,5383,5625,Salisbury
6068,3,100,5912,6157,Salisbury
6068,4,70,6369,6638,Salisbury
6068,5,120,15978,16380,Salisbury
6068,6,90,49416,49965,Salisbury
6069,1,350,3945,4136,Sharon
6069,2,210,7831,8145,Sharon
6069,3,150,9270,9697,Sharon
6069,4,110,9389,9725,Sharon
6069,5,180,23784,24521,Sharon
6069,6,140,103427,105320,Sharon
6070,1,1780,17172,17597,Simsbury
6070,2,940,35065,36064,Simsbury
6070,3,800,50110,51253,Simsbury
6070,4,740,64438,65752,Simsbury
6070,5,2040,292739,298176,Simsbury
6070,6,1330,651053,661753,Simsbury
6071,1,1150,12513,12823,Somers
6071,2,680,24966,25450,Somers
6071,3,620,38069,38672,Somers
6071,4,470,40786,41488,Somers
6071,5,1200,167273,169736,Somers
6071,6,420,175683,179998,Somers
6073,1,680,6717,6903,South Glastonbury
6073,2,280,10394,10796,South Glastonbury
6073,3,270,16648,17130,South Glastonbury
6073,4,230,19874,20322,South Glastonbury
6073,5,670,97404,99397,South Glastonbury
6073,6,740,388290,399761,South Glastonbury
6074,1,3130,33349,34150,South Windsor
6074,2,2090,77074,78627,South Windsor
6074,3,1790,111173,112716,South Windsor
6074,4,1570,137425,139059,South Windsor
6074,5,3350,469227,474556,South Windsor
6074,6,1330,462417,470990,South Windsor
6076,1,1670,20487,20812,Stafford Springs
6076,2,1420,52499,53095,Stafford Springs
6076,3,1030,63703,64461,Stafford Springs
6076,4,750,65310,65879,Stafford Springs
6076,5,1050,141356,142933,Stafford Springs
6076,6,150,49500,50561,Stafford Springs
6078,1,1260,13113,13467,Suffield
6078,2,810,30277,30887,Suffield
6078,3,660,40581,41293,Suffield
6078,4,570,49366,50133,Suffield
6078,5,1210,172435,174819,Suffield
6078,6,650,392260,397833,Suffield
6081,1,210,2538,2560,Tariffville
6081,2,190,6668,6830,Tariffville
6081,3,120,7188,7291,Tariffville
6081,4,90,8094,8165,Tariffville
6081,5,120,16741,16967,Tariffville
6081,6,20,6542,6542,Tariffville
6082,1,5990,74586,75714,Enfield
6082,2,4930,182151,184510,Enfield
6082,3,3710,229392,231818,Enfield
6082,4,2530,219364,221269,Enfield
6082,5,3470,461083,465290,Enfield
6082,6,430,138173,140581,Enfield
6084,1,1720,17798,18109,Tolland
6084,2,1010,37966,38665,Tolland
6084,3,890,55333,56226,Tolland
6084,4,820,71226,72434,Tolland
6084,5,1940,273556,276540,Tolland
6084,6,800,272273,276918,Tolland
6085,1,890,9740,9947,Unionville
6085,2,610,22529,22996,Unionville
6085,3,500,30899,31398,Unionville
6085,4,360,31124,31733,Unionville
6085,5,820,116035,117584,Unionville
6085,6,400,151771,154550,Unionville
6088,1,740,9452,9580,East Windsor
6088,2,640,23501,23801,East Windsor
6088,3,570,35390,35779,East Windsor
6088,4,330,28557,28818,East Windsor
6088,5,340,44962,45434,East Windsor
6088,6,40,17727,17727,East Windsor
6089,1,420,4495,4626,Weatogue
6089,2,230,8292,8463,Weatogue
6089,3,200,12548,12736,Weatogue
6089,4,170,14800,15061,Weatogue
6089,5,370,52178,52959,Weatogue
6089,6,260,118127,120605,Weatogue
6090,1,130,1315,1369,West Granby
6090,2,60,2187,2226,West Granby
6090,3,60,3776,3947,West Granby
6090,4,50,4201,4201,West Granby
6090,5,150,20819,21099,West Granby
6090,6,120,53384,54466,West Granby
6092,1,480,4310,4433,West Simsbury
6092,2,170,6368,6631,West Simsbury
6092,3,130,8131,8306,West Simsbury
6092,4,170,14897,15279,West Simsbury
6092,5,510,74015,75471,West Simsbury
6092,6,520,259983,264894,West Simsbury
6093,1,440,4830,4941,West Suffield
6093,2,310,11234,11471,West Suffield
6093,3,230,14392,14599,West Suffield
6093,4,210,18374,18645,West Suffield
6093,5,450,62098,62978,West Suffield
6093,6,190,92758,94735,West Suffield
6095,1,4370,52609,53531,Windsor
6095,2,3690,136781,138690,Windsor
6095,3,2700,166815,168917,Windsor
6095,4,1830,158118,159538,Windsor
6095,5,2750,374045,377721,Windsor
6095,6,630,194668,197924,Windsor
6096,1,1950,23864,24214,Windsor Locks
6096,2,1690,62765,63558,Windsor Locks
6096,3,1280,78976,79727,Windsor Locks
6096,4,810,69810,70358,Windsor Locks
6096,5,1040,138251,139413,Windsor Locks
6096,6,140,38246,38823,Windsor Locks
6098,1,1650,20795,21178,Winsted
6098,2,1300,47451,48033,Winsted
6098,3,860,52563,53213,Winsted
6098,4,540,47057,47538,Winsted
6098,5,580,75905,76981,Winsted
6098,6,100,38814,39502,Winsted
6103,1,250,3252,3348,Hartford
6103,2,250,9260,9446,Hartford
6103,3,320,20222,20509,Hartford
6103,4,200,17458,17571,Hartford
6103,5,250,33990,34498,Hartford
6103,6,110,95518,97253,Hartford
6105,1,3610,47112,47725,Hartford
6105,2,2580,91674,92530,Hartford
6105,3,1010,61110,61928,Hartford
6105,4,410,34600,34917,Hartford
6105,5,420,56756,58116,Hartford
6105,6,310,139312,142463,Hartford
6106,1,7790,101674,102710,Hartford
6106,2,4930,172737,173842,Hartford
6106,3,1670,101225,102004,Hartford
6106,4,650,55111,55422,Hartford
6106,5,420,54097,54680,Hartford
6106,6,60,18313,18313,Hartford
6107,1,1880,18212,18779,West Hartford
6107,2,1060,39965,41082,West Hartford
6107,3,1130,70618,71912,West Hartford
6107,4,1010,88051,89633,West Hartford
6107,5,2590,372249,379886,West Hartford
6107,6,1990,916681,936324,West Hartford
6108,1,4820,64002,64730,East Hartford
6108,2,3860,138198,139326,East Hartford
6108,3,1680,102299,102963,East Hartford
6108,4,760,65292,65785,East Hartford
6108,5,690,88157,88657,East Hartford
6108,6,80,24491,25092,East Hartford
6109,1,3600,42032,42808,Wethersfield
6109,2,2610,97012,98351,Wethersfield
6109,3,2310,143142,145284,Wethersfield
6109,4,1660,143934,145666,Wethersfield
6109,5,3070,423168,428131,Wethersfield
6109,6,900,327440,334697,Wethersfield
6110,1,2100,26360,26849,West Hartford
6110,2,1590,58012,58860,West Hartford
6110,3,1160,71411,72274,West Hartford
6110,4,710,60770,61358,West Hartford
6110,5,910,120936,122100,West Hartford
6110,6,180,62513,64082,West Hartford
6111,1,4240,51387,52447,Newington
6111,2,3360,125300,127373,Newington
6111,3,2840,175593,177726,Newington
6111,4,2120,184807,186619,Newington
6111,5,3220,432960,437373,Newington
6111,6,550,165488,169040,Newington
6112,1,5080,64914,65495,Hartford
6112,2,3050,107370,107905,Hartford
6112,3,1030,62066,62417,Hartford
6112,4,350,29963,30141,Hartford
6112,5,210,28343,28477,Hartford
6112,6,0,0,0,Hartford
6114,1,5950,78327,79018,Hartford
6114,2,3690,130275,130870,Hartford
6114,3,1270,76540,76927,Hartford
6114,4,460,39496,39725,Hartford
6114,5,290,36605,36888,Hartford
6114,6,20,5583,5583,Hartford
6117,1,1650,15856,16328,West Hartford
6117,2,790,28992,29837,West Hartford
6117,3,710,44176,45057,West Hartford
6117,4,680,58773,59910,West Hartford
6117,5,1710,245184,249689,West Hartford
6117,6,1690,931382,952621,West Hartford
6118,1,4720,60965,61699,East Hartford
6118,2,3930,143637,144984,East Hartford
6118,3,2370,145224,146369,East Hartford
6118,4,1350,116558,117310,East Hartford
6118,5,1480,192511,193916,East Hartford
6118,6,150,41487,42087,East Hartford
6119,1,1910,22663,23186,West Hartford
6119,2,1450,54271,55336,West Hartford
6119,3,1230,75683,76814,West Hartford
6119,4,800,68911,69763,West Hartford
6119,5,1250,173780,176344,West Hartford
6119,6,680,269225,275787,West Hartford
6120,1,3000,37407,37792,Hartford
6120,2,1340,46751,46996,Hartford
6120,3,320,19265,19354,Hartford
6120,4,90,7800,7842,Hartford
6120,5,60,7371,7371,Hartford
6120,6,0,0,0,Hartford
6226,1,3310,43961,44328,Willimantic
6226,2,2260,79439,79861,Willimantic
6226,3,770,46807,47323,Willimantic
6226,4,370,32108,32389,Willimantic
6226,5,340,43528,44238,Willimantic
6226,6,30,8166,8166,Willimantic
6231,1,450,4936,5048,Amston
6231,2,280,10318,10511,Amston
6231,3,240,15258,15522,Amston
6231,4,200,17747,18031,Amston
6231,5,540,75181,75948,Amston
6231,6,180,61574,62945,Amston
6232,1,420,4716,4796,Andover
6232,2,280,10224,10375,Andover
6232,3,240,15221,15540,Andover
6232,4,200,17656,17864,Andover
6232,5,400,55701,56683,Andover
6232,6,100,32662,33471,Andover
6234,1,1160,13816,13996,Brooklyn
6234,2,850,31155,31602,Brooklyn
6234,3,600,36920,37391,Brooklyn
6234,4,440,37792,38244,Brooklyn
6234,5,720,96666,98048,Brooklyn
6234,6,120,40571,41274,Brooklyn
6235,1,330,3977,4064,Chaplin
6235,2,270,9776,9967,Chaplin
6235,3,200,12148,12331,Chaplin
6235,4,120,10187,10300,Chaplin
6235,5,180,23225,23505,Chaplin
6235,6,20,6181,6181,Chaplin
6237,1,630,7367,7599,Columbia
6237,2,480,18072,18576,Columbia
6237,3,420,25669,26054,Columbia
6237,4,380,32844,33244,Columbia
6237,5,710,97360,98485,Columbia
6237,6,180,56304,57360,Columbia
6238,1,1540,18148,18452,Coventry
6238,2,1170,43704,44498,Coventry
6238,3,970,60218,61134,Coventry
6238,4,790,68332,69325,Coventry
6238,5,1510,206224,208834,Coventry
6238,6,340,102289,104696,Coventry
6239,1,1690,22018,22220,Danielson
6239,2,1530,55103,55536,Danielson
6239,3,840,51714,52177,Danielson
6239,4,500,42843,43180,Danielson
6239,5,600,78848,79546,Danielson
6239,6,70,21820,22471,Danielson
6241,1,940,12464,12590,Dayville
6241,2,800,29552,29914,Dayville
6241,3,530,32827,33212,Dayville
6241,4,370,32267,32539,Dayville
6241,5,460,60396,61161,Dayville
6241,6,60,26737,27392,Dayville
6242,1,170,1976,2083,Eastford
6242,2,150,5453,5555,Eastford
6242,3,120,7287,7398,Eastford
6242,4,100,8400,8485,Eastford
6242,5,150,19607,19813,Eastford
6242,6,30,10015,10015,Eastford
6243,1,40,526,526,East Killingly
6243,2,40,1375,1375,East Killingly
6243,3,20,1308,1393,East Killingly
6243,4,20,1673,1673,East Killingly
6243,5,20,2924,2924,East Killingly
6243,6,0,0,0,East Killingly
6247,1,330,4143,4214,Hampton
6247,2,230,8517,8675,Hampton
6247,3,220,13544,13770,Hampton
6247,4,180,15722,15941,Hampton
6247,5,230,30804,31561,Hampton
6247,6,40,11231,11231,Hampton
6248,1,720,7167,7340,Hebron
6248,2,420,15369,15655,Hebron
6248,3,310,19461,19884,Hebron
6248,4,270,23474,23857,Hebron
6248,5,730,101812,103438,Hebron
6248,6,320,110321,111452,Hebron
6249,1,960,11438,11669,Lebanon
6249,2,660,24588,25102,Lebanon
6249,3,570,35359,36166,Lebanon
6249,4,490,42322,42836,Lebanon
6249,5,790,108449,109732,Lebanon
6249,6,150,43375,44299,Lebanon
6250,1,650,7570,7725,Mansfield Center
6250,2,440,16029,16372,Mansfield Center
6250,3,360,22675,23008,Mansfield Center
6250,4,300,26203,26598,Mansfield Center
6250,5,500,68773,69633,Mansfield Center
6250,6,120,39885,41142,Mansfield Center
6254,1,250,2984,3043,North Franklin
6254,2,190,7116,7215,North Franklin
6254,3,150,9654,9743,North Franklin
6254,4,130,11280,11469,North Franklin
6254,5,200,26940,27624,North Franklin
6254,6,40,13602,13602,North Franklin
6255,1,600,7667,7798,North Grosvenordale
6255,2,550,20278,20539,North Grosvenordale
6255,3,400,24621,24819,North Grosvenordale
6255,4,260,22291,22446,North Grosvenordale
6255,5,340,44588,45200,North Grosvenordale
6255,6,30,8332,8332,North Grosvenordale
6256,1,360,4756,4821,North Windham
6256,2,340,12431,12563,North Windham
6256,3,210,12652,12781,North Windham
6256,4,120,9955,9997,North Windham
6256,5,120,18001,18188,North Windham
6256,6,0,0,0,North Windham
6259,1,460,5291,5401,Pomfret Center
6259,2,340,12548,12840,Pomfret Center
6259,3,310,19253,19666,Pomfret Center
6259,4,210,18433,18857,Pomfret Center
6259,5,390,54667,55448,Pomfret Center
6259,6,130,49988,51048,Pomfret Center
6260,1,1530,19232,19466,Putnam
6260,2,1260,45424,45940,Putnam
6260,3,690,42206,42603,Putnam
6260,4,410,35042,35411,Putnam
6260,5,520,67360,68169,Putnam
6260,6,70,20777,21278,Putnam
6262,1,90,973,973,Quinebaug
6262,2,100,3604,3668,Quinebaug
6262,3,50,3244,3244,Quinebaug
6262,4,40,3185,3213,Quinebaug
6262,5,40,5052,5052,Quinebaug
6262,6,0,0,0,Quinebaug
6264,1,70,843,843,Scotland
6264,2,70,2685,2768,Scotland
6264,3,50,3295,3295,Scotland
6264,4,50,4491,4584,Scotland
6264,5,70,9088,9088,Scotland
6264,6,0,0,0,Scotland
6266,1,90,1191,1191,South Windham
6266,2,90,3157,3234,South Windham
6266,3,60,3331,3331,South Windham
6266,4,30,2980,3001,South Windham
6266,5,40,5684,5684,South Windham
6266,6,0,0,0,South Windham
6268,1,930,10295,10577,Storrs Mansfield
6268,2,550,19770,20164,Storrs Mansfield
6268,3,400,24818,25203,Storrs Mansfield
6268,4,320,27793,28185,Storrs Mansfield
6268,5,680,95635,96964,Storrs Mansfield
6268,6,310,101974,104034,Storrs Mansfield
6277,1,540,6711,6820,Thompson
6277,2,490,17743,18175,Thompson
6277,3,340,21111,21329,Thompson
6277,4,250,21855,22050,Thompson
6277,5,400,53739,54433,Thompson
6277,6,70,29048,29446,Thompson
6278,1,580,7259,7381,Ashford
6278,2,480,17618,17874,Ashford
6278,3,340,21400,21623,Ashford
6278,4,270,23649,23833,Ashford
6278,5,430,58039,58779,Ashford
6278,6,80,24124,24729,Ashford
6279,1,780,9724,9908,Willington
6279,2,530,19240,19562,Willington
6279,3,430,26447,26807,Willington
6279,4,300,26409,26683,Willington
6279,5,610,82839,83788,Willington
6279,6,120,43766,44630,Willington
6280,1,450,5904,5995,Windham
6280,2,420,15370,15542,Windham
6280,3,270,16723,16935,Windham
6280,4,190,16260,16452,Windham
6280,5,230,29525,30086,Windham
6280,6,40,12125,12125,Windham
6281,1,820,9070,9317,Woodstock
6281,2,580,21326,21906,Woodstock
6281,3,520,32146,33054,Woodstock
6281,4,370,32373,32944,Woodstock
6281,5,730,100147,101593,Woodstock
6281,6,240,107674,110340,Woodstock
6282,1,130,1481,1522,Woodstock Valley
6282,2,100,3730,3785,Woodstock Valley
6282,3,100,6224,6261,Woodstock Valley
6282,4,70,6347,6459,Woodstock Valley
6282,5,120,15268,15524,Woodstock Valley
6282,6,30,9120,9120,Woodstock Valley
6320,1,5840,77328,78183,New London
6320,2,3600,127867,129033,New London
6320,3,1490,90576,91468,New London
6320,4,740,63376,63955,New London
6320,5,820,110080,111675,New London
6320,6,160,83391,85017,New London
6330,1,450,5745,5840,Baltic
6330,2,340,12318,12416,Baltic
6330,3,240,15115,15244,Baltic
6330,4,170,14698,14882,Baltic
6330,5,200,27239,27508,Baltic
6330,6,30,8397,8397,Baltic
6331,1,690,8782,8970,Canterbury
6331,2,550,20031,20333,Canterbury
6331,3,440,27370,27628,Canterbury
6331,4,320,27980,28243,Canterbury
6331,5,490,66023,66725,Canterbury
6331,6,60,14363,14608,Canterbury
6333,1,890,9375,9556,East Lyme
6333,2,520,19117,19557,East Lyme
6333,3,440,27676,28206,East Lyme
6333,4,340,29584,30161,East Lyme
6333,5,900,127740,129632,East Lyme
6333,6,530,217649,220723,East Lyme
6334,1,340,4183,4242,Bozrah
6334,2,290,10650,10849,Bozrah
6334,3,220,13674,13822,Bozrah
6334,4,170,14366,14494,Bozrah
6334,5,230,30679,31133,Bozrah
6334,6,40,17561,17928,Bozrah
6335,1,760,8931,9068,Gales Ferry
6335,2,590,21849,22138,Gales Ferry
6335,3,510,31709,32051,Gales Ferry
6335,4,430,37632,37981,Gales Ferry
6335,5,820,112928,113746,Gales Ferry
6335,6,190,54205,54720,Gales Ferry
6339,1,1080,12649,12892,Ledyard
6339,2,920,34081,34666,Ledyard
6339,3,730,44801,45410,Ledyard
6339,4,460,39791,40147,Ledyard
6339,5,870,117075,118264,Ledyard
6339,6,180,62785,64008,Ledyard
6340,1,4240,55948,56620,Groton
6340,2,3850,141403,143013,Groton
6340,3,2440,150273,151902,Groton
6340,4,1360,117325,118359,Groton
6340,5,1570,207974,210138,Groton
6340,6,400,210860,213950,Groton
6351,1,2330,29116,29494,Jewett City
6351,2,1990,72656,73431,Jewett City
6351,3,1240,76412,77258,Jewett City
6351,4,860,74368,75175,Jewett City
6351,5,1250,166163,167749,Jewett City
6351,6,190,53910,55336,Jewett City
6353,1,50,742,770,Oxoboxo River
6353,2,80,2633,2633,Oxoboxo River
6353,3,30,2049,2049,Oxoboxo River
6353,4,30,3244,3244,Oxoboxo River
6353,5,0,0,0,Oxoboxo River
6353,6,0,0,0,Oxoboxo River
6354,1,890,11843,12075,Moosup
6354,2,670,24669,24916,Moosup
6354,3,420,25794,26056,Moosup
6354,4,290,24733,24939,Moosup
6354,5,300,39334,39794,Moosup
6354,6,30,10121,10121,Moosup
6355,1,1610,18765,19328,Mystic
6355,2,1160,42562,43398,Mystic
6355,3,960,59919,61024,Mystic
6355,4,760,66272,67310,Mystic
6355,5,1600,220536,223761,Mystic
6355,6,680,272214,277298,Mystic
6357,1,1480,17374,17778,Niantic
6357,2,1040,38361,39095,Niantic
6357,3,900,55766,56803,Niantic
6357,4,720,62742,63550,Niantic
6357,5,1260,172293,174830,Niantic
6357,6,400,155583,158971,Niantic
6359,1,620,7007,7255,North Stonington
6359,2,530,19727,20103,North Stonington
6359,3,420,26641,27108,North Stonington
6359,4,310,27106,27736,North Stonington
6359,5,590,79959,80814,North Stonington
6359,6,170,69802,70926,North Stonington
6360,1,7000,93657,94868,Norwich
6360,2,5340,191628,193357,Norwich
6360,3,2520,153939,155551,Norwich
6360,4,1380,119481,120570,Norwich
6360,5,1590,209427,211553,Norwich
6360,6,270,92557,94841,Norwich
6365,1,610,7739,7856,Preston
6365,2,500,18824,19180,Preston
6365,3,390,23687,24070,Preston
6365,4,270,23352,23608,Preston
6365,5,510,69065,70048,Preston
6365,6,80,25991,26384,Preston
6370,1,940,12031,12211,Oakdale
6370,2,740,27329,27668,Oakdale
6370,3,600,37079,37484,Oakdale
6370,4,430,37034,37292,Oakdale
6370,5,800,108552,109143,Oakdale
6370,6,110,40025,40766,Oakdale
6371,1,1220,12690,13178,Old Lyme
6371,2,770,28524,29316,Old Lyme
6371,3,620,38589,39485,Old Lyme
6371,4,500,43108,44203,Old Lyme
6371,5,1130,159098,162235,Old Lyme
6371,6,770,505314,513937,Old Lyme
6374,1,1130,14907,15024,Plainfield
6374,2,1010,36768,37054,Plainfield
6374,3,680,41961,42339,Plainfield
6374,4,450,38529,38831,Plainfield
6374,5,460,59451,60082,Plainfield
6374,6,40,11851,11851,Plainfield
6375,1,530,6382,6517,Quaker Hill
6375,2,440,16057,16258,Quaker Hill
6375,3,310,19447,19666,Quaker Hill
6375,4,270,23415,23640,Quaker Hill
6375,5,400,52174,52747,Quaker Hill
6375,6,60,16672,17043,Quaker Hill
6377,1,370,4476,4618,Sterling
6377,2,310,11165,11338,Sterling
6377,3,250,15587,15777,Sterling
6377,4,150,13276,13391,Sterling
6377,5,250,36007,36346,Sterling
6377,6,0,0,0,Sterling
6378,1,700,7784,8047,Stonington
6378,2,460,16673,17453,Stonington
6378,3,360,22016,22493,Stonington
6378,4,300,26286,26789,Stonington
6378,5,610,87298,89058,Stonington
6378,6,460,235118,240740,Stonington
6379,1,1390,16296,16656,Pawcatuck
6379,2,950,34921,35510,Pawcatuck
6379,3,720,44149,44911,Pawcatuck
6379,4,500,43154,43896,Pawcatuck
6379,5,770,105721,107131,Pawcatuck
6379,6,250,99381,100739,Pawcatuck
6380,1,540,6856,6899,Norwich
6380,2,390,13840,13920,Norwich
6380,3,170,10326,10426,Norwich
6380,4,70,5904,5955,Norwich
6380,5,70,8195,8195,Norwich
6380,6,0,0,0,Norwich
6382,1,1530,19813,20126,Uncasville
6382,2,1470,53609,54079,Uncasville
6382,3,880,53612,53993,Uncasville
6382,4,600,51985,52408,Uncasville
6382,5,690,92017,92709,Uncasville
6382,6,70,19568,20094,Uncasville
6384,1,370,4808,4938,Voluntown
6384,2,280,10137,10307,Voluntown
6384,3,230,14447,14630,Voluntown
6384,4,170,14445,14585,Voluntown
6384,5,270,35932,36322,Voluntown
6384,6,30,11115,11115,Voluntown
6385,1,2190,25888,26386,Waterford
6385,2,1610,59574,60509,Waterford
6385,3,1400,86526,87740,Waterford
6385,4,940,81787,82842,Waterford
6385,5,1740,239389,242831,Waterford
6385,6,520,195587,200296,Waterford
6389,1,20,401,423,Norwich
6389,2,40,1304,1304,Norwich
6389,3,30,1725,1725,Norwich
6389,4,30,4232,4232,Norwich
6389,5,0,0,0,Norwich
6389,6,0,0,0,Norwich
6401,1,3290,42155,42739,Ansonia
6401,2,2560,93255,94325,Ansonia
6401,3,1460,89730,90565,Ansonia
6401,4,880,75589,76322,Ansonia
6401,5,1060,138259,139315,Ansonia
6401,6,100,30315,30719,Ansonia
6403,1,750,8724,8867,Beacon Falls
6403,2,590,21917,22220,Beacon Falls
6403,3,500,30657,31145,Beacon Falls
6403,4,370,32546,32897,Beacon Falls
6403,5,690,94487,95237,Beacon Falls
6403,6,140,38946,39313,Beacon Falls
6405,1,4100,47942,49261,Branford
6405,2,3230,119995,122723,Branford
6405,3,2480,153539,156191,Branford
6405,4,1810,156332,158693,Branford
6405,5,2800,384108,391659,Branford
6405,6,1150,569251,583182,Branford
6409,1,120,1365,1394,Centerbrook
6409,2,70,2551,2609,Centerbrook
6409,3,60,3290,3377,Centerbrook
6409,4,30,2884,2884,Centerbrook
6409,5,60,8789,9065,Centerbrook
6409,6,20,7783,7783,Centerbrook
6410,1,3420,34867,35807,Cheshire
6410,2,1820,67196,68731,Cheshire
6410,3,1590,98903,101042,Cheshire
6410,4,1400,121402,123690,Cheshire
6410,5,3400,483756,491449,Cheshire
6410,6,1820,700439,716129,Cheshire
6412,1,550,6349,6537,Chester
6412,2,360,13241,13675,Chester
6412,3,300,18137,18602,Chester
6412,4,190,16701,17097,Chester
6412,5,440,61698,62834,Chester
6412,6,180,66755,68451,Chester
6413,1,1960,22664,23115,Clinton
6413,2,1280,47020,48002,Clinton
6413,3,1040,64493,65673,Clinton
6413,4,770,67055,68138,Clinton
6413,5,1370,189696,192180,Clinton
6413,6,420,173778,176936,Clinton
6415,1,2240,25205,25728,Colchester
6415,2,1480,54728,55613,Colchester
6415,3,1220,75451,76514,Colchester
6415,4,960,83081,84114,Colchester
6415,5,1950,270753,273597,Colchester
6415,6,500,153778,156230,Colchester
6416,1,1820,20882,21405,Cromwell
6416,2,1420,53252,54273,Cromwell
6416,3,1240,76167,77179,Cromwell
6416,4,920,79545,80410,Cromwell
6416,5,1630,226244,228848,Cromwell
6416,6,580,255641,262642,Cromwell
6417,1,630,7103,7289,Deep River
6417,2,490,17855,18256,Deep River
6417,3,370,22963,23286,Deep River
6417,4,250,21934,22398,Deep River
6417,5,460,61863,63068,Deep River
6417,6,150,81849,82901,Deep River
6418,1,2060,25844,26282,Derby
6418,2,1620,59893,60691,Derby
6418,3,1070,65266,65894,Derby
6418,4,630,54110,54545,Derby
6418,5,770,102434,103405,Derby
6418,6,110,34409,34891,Derby
6419,1,850,8645,8949,Killingworth
6419,2,440,16093,16571,Killingworth
6419,3,370,22703,23289,Killingworth
6419,4,310,26594,27082,Killingworth
6419,5,860,121342,123709,Killingworth
6419,6,400,146370,149068,Killingworth
6420,1,540,6000,6160,Salem
6420,2,310,11716,12037,Salem
6420,3,290,17810,18146,Salem
6420,4,240,20997,21284,Salem
6420,5,560,77650,78547,Salem
6420,6,170,54356,55523,Salem
6422,1,910,9547,9850,Haddam
6422,2,520,19340,19807,Haddam
6422,3,430,27005,27569,Haddam
6422,4,430,37177,37605,Haddam
6422,5,950,134571,136444,Haddam
6422,6,420,200004,205952,Haddam
6423,1,610,7116,7257,East Haddam
6423,2,410,15267,15516,East Haddam
6423,3,370,22976,23437,East Haddam
6423,4,290,25660,26170,East Haddam
6423,5,640,88381,89363,East Haddam
6423,6,200,68442,70298,East Haddam
6424,1,1520,16893,17275,East Hampton
6424,2,1030,38287,38940,East Hampton
6424,3,1000,61705,62628,East Hampton
6424,4,760,66322,67423,East Hampton
6424,5,1570,217303,219905,East Hampton
6424,6,420,132753,135135,East Hampton
6426,1,410,4417,4575,Essex
6426,2,220,8291,8546,Essex
6426,3,200,12741,13119,Essex
6426,4,170,14413,14742,Essex
6426,5,440,61522,62967,Essex
6426,6,400,240651,246926,Essex
6437,1,2720,27538,28423,Guilford
6437,2,1570,57991,59700,Guilford
6437,3,1300,81242,83293,Guilford
6437,4,1070,94066,96738,Guilford
6437,5,2600,370419,378879,Guilford
6437,6,1850,878306,898463,Guilford
6438,1,330,3664,3778,Haddam
6438,2,220,8265,8432,Haddam
6438,3,180,11398,11546,Haddam
6438,4,150,13378,13606,Haddam
6438,5,310,43321,43950,Haddam
6438,6,140,59457,61258,Haddam
6441,1,630,7189,7434,Higganum
6441,2,470,17261,17618,Higganum
6441,3,390,23887,24283,Higganum
6441,4,330,28640,28979,Higganum
6441,5,720,99853,101318,Higganum
6441,6,260,85626,87525,Higganum
6442,1,420,4384,4527,Ivorytown
6442,2,240,8690,9017,Ivorytown
6442,3,200,12447,12647,Ivorytown
6442,4,160,14327,14542,Ivorytown
6442,5,310,43191,44175,Ivorytown
6442,6,140,46166,47041,Ivorytown
6443,1,2290,21572,22238,Madison
6443,2,1020,37390,38732,Madison
6443,3,910,56639,58236,Madison
6443,4,810,70314,72034,Madison
6443,5,2120,301233,308067,Madison
6443,6,1840,873571,893468,Madison
6447,1,730,7945,8163,Marlborough
6447,2,420,15484,16038,Marlborough
6447,3,410,25579,26217,Marlborough
6447,4,360,31159,31833,Marlborough
6447,5,810,113659,115650,Marlborough
6447,6,360,173525,175856,Marlborough
6450,1,6060,78932,79860,Meriden
6450,2,4840,176568,178381,Meriden
6450,3,2830,173213,174961,Meriden
6450,4,1720,147957,149347,Meriden
6450,5,2060,270931,273427,Meriden
6450,6,240,83558,84525,Meriden
6451,1,4410,57164,57870,Meriden
6451,2,3120,112254,113256,Meriden
6451,3,1760,107539,108540,Meriden
6451,4,1090,93918,94778,Meriden
6451,5,1240,163711,164923,Meriden
6451,6,150,44081,45254,Meriden
6455,1,440,4788,4892,Middlefield
6455,2,270,9981,10242,Middlefield
6455,3,280,17567,17852,Middlefield
6455,4,180,16039,16290,Middlefield
6455,5,380,53610,54480,Middlefield
6455,6,150,57904,59189,Middlefield
6457,1,6630,82499,83905,Middletown
6457,2,5370,198487,201183,Middletown
6457,3,3820,235463,238636,Middletown
6457,4,2460,212015,214246,Middletown
6457,5,3530,477777,482624,Middletown
6457,6,850,269766,275428,Middletown
6460,1,5210,59837,61627,Milford
6460,2,3920,145799,148794,Milford
6460,3,3370,208733,212267,Milford
6460,4,2500,217393,220767,Milford
6460,5,4090,563158,572727,Milford
6460,6,1270,514726,525991,Milford
6461,1,1950,21225,21630,Milford
6461,2,1350,50213,51236,Milford
6461,3,1100,68599,69641,Milford
6461,4,850,74123,75076,Milford
6461,5,1730,240542,243663,Milford
6461,6,650,202007,206012,Milford
6468,1,2470,25399,26423,Monroe
6468,2,1350,50280,51642,Monroe
6468,3,1130,69767,71423,Monroe
6468,4,930,81327,83299,Monroe
6468,5,2340,332515,338126,Monroe
6468,6,1240,474524,481864,Monroe
6469,1,450,5234,5368,Moodus
6469,2,340,12408,12651,Moodus
6469,3,230,14227,14477,Moodus
6469,4,170,14769,14921,Moodus
6469,5,360,50183,50999,Moodus
6469,6,70,19686,20032,Moodus
6470,1,1920,19655,20488,Newtown
6470,2,980,36071,37283,Newtown
6470,3,810,50150,51473,Newtown
6470,4,720,62569,64069,Newtown
6470,5,1830,260364,265478,Newtown
6470,6,1380,643230,655199,Newtown
6471,1,1030,11828,12106,North Branford
6471,2,720,26917,27563,North Branford
6471,3,590,36932,37519,North Branford
6471,4,470,41159,41915,North Branford
6471,5,890,121586,123016,North Branford
6471,6,220,71150,71938,North Branford
6472,1,860,9647,9867,Northford
6472,2,570,20871,21259,Northford
6472,3,490,30773,31098,Northford
6472,4,410,35719,36231,Northford
6472,5,830,113864,115155,Northford
6472,6,190,69183,70166,Northford
6473,1,3260,35728,36511,North Haven
6473,2,2140,79400,81018,North Haven
6473,3,1950,120672,122806,North Haven
6473,4,1480,128049,130085,North Haven
6473,5,2970,412358,417703,North Haven
6473,6,920,362568,371717,North Haven
6475,1,1570,16831,17296,Old Saybrook
6475,2,950,35076,36039,Old Saybrook
6475,3,790,48951,50181,Old Saybrook
6475,4,600,51526,52555,Old Saybrook
6475,5,1280,179525,183103,Old Saybrook
6475,6,640,320059,326387,Old Saybrook
6477,1,1760,17978,18560,Orange
6477,2,970,35728,36574,Orange
6477,3,850,52855,54316,Orange
6477,4,680,58673,59796,Orange
6477,5,1950,279095,284151,Orange
6477,6,990,411507,420423,Orange
6478,1,1470,16028,16458,Oxford
6478,2,980,36074,36705,Oxford
6478,3,820,51240,52487,Oxford
6478,4,750,65071,66449,Oxford
6478,5,1790,252259,255855,Oxford
6478,6,560,194316,197408,Oxford
6479,1,1290,14708,14989,Plantsville
6479,2,940,34705,35335,Plantsville
6479,3,800,49482,50344,Plantsville
6479,4,620,53533,54181,Plantsville
6479,5,1130,154780,156380,Plantsville
6479,6,290,89487,90986,Plantsville
6480,1,1170,13362,13632,Portland
6480,2,810,29935,30393,Portland
6480,3,690,42958,43557,Portland
6480,4,580,49837,50371,Portland
6480,5,1150,160315,162122,Portland
6480,6,350,112646,115228,Portland
6481,1,150,1747,1801,Rockfall
6481,2,120,4357,4466,Rockfall
6481,3,80,4995,5048,Rockfall
6481,4,80,6891,6957,Rockfall
6481,5,130,17835,18082,Rockfall
6481,6,40,9233,9233,Rockfall
6482,1,1410,13663,14014,Sandy Hook
6482,2,700,26157,27011,Sandy Hook
6482,3,570,35974,36574,Sandy Hook
6482,4,490,42769,43746,Sandy Hook
6482,5,1260,179908,182822,Sandy Hook
6482,6,820,307980,313266,Sandy Hook
6483,1,2380,28682,29333,Seymour
6483,2,1890,69696,70787,Seymour
6483,3,1370,84326,85453,Seymour
6483,4,970,84135,85143,Seymour
6483,5,1580,213984,216308,Seymour
6483,6,350,102571,103749,Seymour
6484,1,5580,63882,65360,Shelton
6484,2,3890,143613,146430,Shelton
6484,3,3130,193547,196745,Shelton
6484,4,2470,215092,217942,Shelton
6484,5,4600,633270,643069,Shelton
6484,6,1520,511739,521458,Shelton
6488,1,2630,28161,28972,Southbury
6488,2,1570,58035,59449,Southbury
6488,3,1330,82862,84787,Southbury
6488,4,1010,87582,89256,Southbury
6488,5,2180,306432,311937,Southbury
6488,6,1120,429486,439449,Southbury
6489,1,4300,48618,49478,Southington
6489,2,2920,108729,110522,Southington
6489,3,2310,142362,144486,Southington
6489,4,1830,158780,161003,Southington
6489,5,3770,526924,533138,Southington
6489,6,1260,447376,457429,Southington
6492,1,6210,73945,75373,Wallingford
6492,2,4730,175420,178424,Wallingford
6492,3,3740,231138,234560,Wallingford
6492,4,2640,229030,231996,Wallingford
6492,5,4640,634589,641720,Wallingford
6492,6,1170,433885,441690,Wallingford
6498,1,1170,13761,14290,Westbrook
6498,2,690,25387,25953,Westbrook
6498,3,480,30150,30865,Westbrook
6498,4,360,31450,31866,Westbrook
6498,5,660,91429,92994,Westbrook
6498,6,270,119257,122452,Westbrook
6510,1,340,4129,4325,New Haven
6510,2,370,13729,13994,New Haven
6510,3,310,18787,19010,New Haven
6510,4,150,13130,13183,New Haven
6510,5,260,36268,36694,New Haven
6510,6,150,66096,67284,New Haven
6511,1,8830,112480,114849,New Haven
6511,2,5840,211694,214195,New Haven
6511,3,2750,167380,169470,New Haven
6511,4,1190,102247,103451,New Haven
6511,5,1410,190047,192359,New Haven
6511,6,800,459303,469548,New Haven
6512,1,4720,58612,59668,East Haven
6512,2,3790,139793,141702,East Haven
6512,3,2590,159025,160909,East Haven
6512,4,1630,140769,142097,East Haven
6512,5,1950,256792,259667,East Haven
6512,6,280,167939,170434,East Haven
6513,1,7400,96985,98237,New Haven
6513,2,4910,176059,177239,New Haven
6513,3,2140,130181,131180,New Haven
6513,4,950,81367,81945,New Haven
6513,5,920,118781,119907,New Haven
6513,6,100,29871,30293,New Haven
6514,1,4170,51906,52933,Hamden
6514,2,3210,118553,120265,Hamden
6514,3,2320,142713,144503,Hamden
6514,4,1350,116844,117853,Hamden
6514,5,1710,229699,231591,Hamden
6514,6,290,92399,94073,Hamden
6515,1,2740,34207,34768,New Haven
6515,2,1730,63306,64078,New Haven
6515,3,1020,62948,63629,New Haven
6515,4,570,48960,49389,New Haven
6515,5,830,114309,116636,New Haven
6515,6,320,116705,119499,New Haven
6516,1,9390,119295,121219,West Haven
6516,2,7050,257647,260241,West Haven
6516,3,4150,253988,256339,West Haven
6516,4,2290,197962,199702,West Haven
6516,5,2840,376960,380331,West Haven
6516,6,340,107044,108508,West Haven
6517,1,2030,24401,24852,Hamden
6517,2,1480,54784,55631,Hamden
6517,3,1130,70243,71179,Hamden
6517,4,820,71054,71804,Hamden
6517,5,1380,193206,196179,Hamden
6517,6,650,243185,247530,Hamden
6518,1,1800,20506,21086,Hamden
6518,2,1290,48093,49274,Hamden
6518,3,1210,75278,76330,Hamden
6518,4,910,79044,80248,Hamden
6518,5,1700,233866,236997,Hamden
6518,6,500,162391,165311,Hamden
6519,1,3240,42269,42717,New Haven
6519,2,1800,63259,63575,New Haven
6519,3,610,36746,36984,New Haven
6519,4,180,15194,15297,New Haven
6519,5,130,16712,17191,New Haven
6519,6,30,9770,9770,New Haven
6524,1,720,7252,7542,Bethany
6524,2,410,15736,16296,Bethany
6524,3,330,20648,21320,Bethany
6524,4,280,23774,24277,Bethany
6524,5,690,98787,100696,Bethany
6524,6,360,148027,151244,Bethany
6525,1,1070,10665,11065,Woodbridge
6525,2,530,19823,20404,Woodbridge
6525,3,420,26061,26755,Woodbridge
6525,4,350,30016,30983,Woodbridge
6525,5,980,142163,145519,Woodbridge
6525,6,1110,598152,612564,Woodbridge
6604,1,5850,73791,75086,Bridgeport
6604,2,3300,117067,118186,Bridgeport
6604,3,1350,81665,82492,Bridgeport
6604,4,570,49032,49448,Bridgeport
6604,5,600,79020,79804,Bridgeport
6604,6,100,31833,32493,Bridgeport
6605,1,4840,62448,63502,Bridgeport
6605,2,3090,110443,111716,Bridgeport
6605,3,1140,69502,70381,Bridgeport
6605,4,500,42584,42981,Bridgeport
6605,5,520,70452,72295,Bridgeport
6605,6,170,74507,76727,Bridgeport
6606,1,9080,113679,115832,Bridgeport
6606,2,6480,234631,237231,Bridgeport
6606,3,3310,202413,204086,Bridgeport
6606,4,1640,140892,141938,Bridgeport
6606,5,1390,177349,178641,Bridgeport
6606,6,150,45482,46541,Bridgeport
6607,1,1800,23558,23818,Bridgeport
6607,2,1060,37636,37841,Bridgeport
6607,3,350,20918,21021,Bridgeport
6607,4,110,8964,9042,Bridgeport
6607,5,70,8241,8241,Bridgeport
6607,6,0,0,0,Bridgeport
6608,1,3380,44976,45400,Bridgeport
6608,2,1710,59456,59719,Bridgeport
6608,3,430,25247,25367,Bridgeport
6608,4,130,10682,10781,Bridgeport
6608,5,70,8239,8239,Bridgeport
6608,6,0,0,0,Bridgeport
6610,1,5000,63575,64447,Bridgeport
6610,2,3490,125048,125978,Bridgeport
6610,3,1440,86798,87352,Bridgeport
6610,4,540,46472,46700,Bridgeport
6610,5,480,60359,60725,Bridgeport
6610,6,30,15210,15210,Bridgeport
6611,1,4320,44430,46105,Trumbull
6611,2,2300,85044,87375,Trumbull
6611,3,1930,120619,123261,Trumbull
6611,4,1750,152781,155448,Trumbull
6611,5,4530,647944,658812,Trumbull
6611,6,2430,900638,918866,Trumbull
6612,1,840,8075,8436,Easton
6612,2,390,14431,15270,Easton
6612,3,320,19592,20521,Easton
6612,4,280,24761,25962,Easton
6612,5,760,109488,112691,Easton
6612,6,980,501776,514466,Easton
6614,1,4870,57286,58703,Stratford
6614,2,3500,129004,131252,Stratford
6614,3,2800,173523,175776,Stratford
6614,4,2100,182024,184078,Stratford
6614,5,3440,469290,474312,Stratford
6614,6,750,237574,243613,Stratford
6615,1,3400,42487,43205,Stratford
6615,2,2440,89218,90646,Stratford
6615,3,1550,95068,96163,Stratford
6615,4,910,78996,79780,Stratford
6615,5,1160,155876,157989,Stratford
6615,6,260,87590,89802,Stratford
6702,1,680,7885,7977,Waterbury
6702,2,230,7715,7780,Waterbury
6702,3,40,2139,2139,Waterbury
6702,4,30,2274,2274,Waterbury
6702,5,0,0,0,Waterbury
6702,6,0,0,0,Waterbury
6704,1,5720,73289,74192,Waterbury
6704,2,3220,113831,114590,Waterbury
6704,3,1350,82263,82829,Waterbury
6704,4,600,51483,51812,Waterbury
6704,5,470,59255,59644,Waterbury
6704,6,30,9136,9136,Waterbury
6705,1,5350,69339,70169,Waterbury
6705,2,3880,139320,140261,Waterbury
6705,3,1810,110408,111356,Waterbury
6705,4,850,73593,74069,Waterbury
6705,5,690,88581,89244,Waterbury
6705,6,40,10238,10238,Waterbury
6706,1,3000,38387,38875,Waterbury
6706,2,1750,62859,63252,Waterbury
6706,3,840,51258,51811,Waterbury
6706,4,390,33089,33311,Waterbury
6706,5,350,43967,44286,Waterbury
6706,6,30,10164,10164,Waterbury
6708,1,5400,69101,70121,Waterbury
6708,2,3880,140302,141850,Waterbury
6708,3,2080,127562,128728,Waterbury
6708,4,1200,103618,104404,Waterbury
6708,5,1290,169361,170790,Waterbury
6708,6,170,47262,48972,Waterbury
6710,1,2270,28927,29259,Waterbury
6710,2,1110,39028,39304,Waterbury
6710,3,350,21311,21471,Waterbury
6710,4,170,14798,14901,Waterbury
6710,5,190,24729,25166,Waterbury
6710,6,40,19189,19545,Waterbury
6712,1,1260,14294,14622,Prospect
6712,2,840,31342,32058,Prospect
6712,3,690,42666,43429,Prospect
6712,4,580,50483,51176,Prospect
6712,5,1200,165649,167898,Prospect
6712,6,300,91507,93017,Prospect
6716,1,2340,27085,27719,Wolcott
6716,2,1620,59857,60838,Wolcott
6716,3,1300,80213,81429,Wolcott
6716,4,990,85247,86208,Wolcott
6716,5,1720,232243,235065,Wolcott
6716,6,370,118986,120761,Wolcott
6750,1,220,2669,2786,Bantam
6750,2,150,5678,5844,Bantam
6750,3,100,6191,6362,Bantam
6750,4,70,5759,5832,Bantam
6750,5,120,15875,16747,Bantam
6750,6,30,8365,8365,Bantam
6751,1,480,5596,5811,Bethlehem Village
6751,2,350,13032,13511,Bethlehem Village
6751,3,270,16604,17068,Bethlehem Village
6751,4,210,17837,18308,Bethlehem Village
6751,5,380,51370,52472,Bethlehem Village
6751,6,110,45935,47349,Bethlehem Village
6752,1,210,2313,2413,Bridgewater
6752,2,130,4747,4975,Bridgewater
6752,3,110,6970,7138,Bridgewater
6752,4,100,8207,8382,Bridgewater
6752,5,180,24553,25168,Bridgewater
6752,6,150,104557,106311,Bridgewater
6754,1,250,2702,2895,Cornwall Bridge
6754,2,130,4718,4902,Cornwall Bridge
6754,3,120,7101,7432,Cornwall Bridge
6754,4,90,7475,7813,Cornwall Bridge
6754,5,130,17921,18470,Cornwall Bridge
6754,6,50,27863,28340,Cornwall Bridge
6755,1,150,1725,1791,Gaylordsville
6755,2,120,4203,4285,Gaylordsville
6755,3,100,5982,6060,Gaylordsville
6755,4,70,5765,5873,Gaylordsville
6755,5,120,15429,15751,Gaylordsville
6755,6,30,9449,9449,Gaylordsville
6756,1,360,3893,4012,Goshen
6756,2,260,9821,10123,Goshen
6756,3,200,11980,12322,Goshen
6756,4,170,14641,14985,Goshen
6756,5,350,47167,48525,Goshen
6756,6,130,80688,83609,Goshen
6757,1,300,3486,3632,Kent
6757,2,210,7885,8215,Kent
6757,3,180,11102,11422,Kent
6757,4,130,10950,11219,Kent
6757,5,200,26042,26767,Kent
6757,6,80,32771,33732,Kent
6759,1,750,8061,8436,Litchfield
6759,2,470,17422,18031,Litchfield
6759,3,410,25094,25957,Litchfield
6759,4,300,26206,26843,Litchfield
6759,5,610,85543,87965,Litchfield
6759,6,320,173608,177891,Litchfield
6762,1,870,8335,8549,Middlebury
6762,2,510,18618,19142,Middlebury
6762,3,440,27312,27979,Middlebury
6762,4,380,33335,33967,Middlebury
6762,5,980,139296,141515,Middlebury
6762,6,550,282962,289932,Middlebury
6763,1,290,3331,3490,Morris
6763,2,190,6987,7181,Morris
6763,3,150,9033,9244,Morris
6763,4,110,9836,10096,Morris
6763,5,220,28847,29277,Morris
6763,6,70,42010,42968,Morris
6770,1,4940,61465,62486,Naugatuck
6770,2,3860,140977,142944,Naugatuck
6770,3,2480,153127,154832,Naugatuck
6770,4,1680,145381,146626,Naugatuck
6770,5,2160,285403,287683,Naugatuck
6770,6,250,70140,71616,Naugatuck
6776,1,3930,45787,47028,New Milford
6776,2,2820,103477,106016,New Milford
6776,3,1890,116853,119001,New Milford
6776,4,1450,126386,128671,New Milford
6776,5,2570,349850,355674,New Milford
6776,6,770,293563,298964,New Milford
6777,1,240,2636,2768,New Preston
6777,2,180,6699,6955,New Preston
6777,3,120,7619,7729,New Preston
6777,4,90,7858,8015,New Preston
6777,5,150,19656,20093,New Preston
6777,6,70,55903,56742,New Preston
6778,1,170,1864,1892,Northfield
6778,2,130,4637,4765,Northfield
6778,3,110,6535,6683,Northfield
6778,4,80,7324,7422,Northfield
6778,5,130,17982,18296,Northfield
6778,6,30,7992,7992,Northfield
6779,1,1230,15135,15398,Oakville
6779,2,1010,37248,37749,Oakville
6779,3,680,41697,42169,Oakville
6779,4,470,40693,41037,Oakville
6779,5,610,78982,79780,Oakville
6779,6,50,18198,18198,Oakville
6782,1,300,3643,3688,Plymouth
6782,2,260,9549,9774,Plymouth
6782,3,190,11829,12037,Plymouth
6782,4,160,13545,13684,Plymouth
6782,5,250,32534,33213,Plymouth
6782,6,40,12180,12180,Plymouth
6783,1,250,2617,2887,Roxbury
6783,2,170,6117,6485,Roxbury
6783,3,120,7277,7731,Roxbury
6783,4,130,11185,11795,Roxbury
6783,5,240,33840,34617,Roxbury
6783,6,170,114407,116976,Roxbury
6784,1,440,4737,4952,Sherman
6784,2,240,8878,9138,Sherman
6784,3,210,13217,13585,Sherman
6784,4,190,16219,16589,Sherman
6784,5,430,60743,61815,Sherman
6784,6,250,116736,119604,Sherman
6785,1,90,1170,1170,South Kent
6785,2,60,2011,2110,South Kent
6785,3,50,2971,3080,South Kent
6785,4,30,2702,2702,South Kent
6785,5,50,7330,7595,South Kent
6785,6,50,27625,28230,South Kent
6786,1,1380,17067,17318,Terryville
6786,2,1190,43457,43995,Terryville
6786,3,920,56725,57245,Terryville
6786,4,530,45990,46337,Terryville
6786,5,790,105390,106689,Terryville
6786,6,70,19322,19322,Terryville
6787,1,1120,13385,13664,Thomaston
6787,2,880,32524,33010,Thomaston
6787,3,660,41113,41714,Thomaston
6787,4,480,41480,41950,Thomaston
6787,5,710,96251,97358,Thomaston
6787,6,110,33430,33937,Thomaston
6790,1,5960,74557,75828,Torrington
6790,2,4660,169370,171751,Torrington
6790,3,2750,169082,171118,Torrington
6790,4,1730,149518,151198,Torrington
6790,5,2040,267272,270574,Torrington
6790,6,280,97582,100376,Torrington
6791,1,720,8061,8375,Northwest Harwinton
6791,2,490,18260,18771,Northwest Harwinton
6791,3,410,25347,25945,Northwest Harwinton
6791,4,350,30106,30681,Northwest Harwinton
6791,5,710,97804,99478,Northwest Harwinton
6791,6,190,70140,72478,Northwest Harwinton
6793,1,120,1344,1420,Washington
6793,2,90,3388,3581,Washington
6793,3,50,3277,3438,Washington
6793,4,60,4938,5064,Washington
6793,5,110,14674,15185,Washington
6793,6,80,72550,74547,Washington
6794,1,160,1760,1817,Washington Depot
6794,2,110,4215,4438,Washington Depot
6794,3,70,4521,4762,Washington Depot
6794,4,60,5224,5224,Washington Depot
6794,5,110,15175,15842,Washington Depot
6794,6,70,41908,43275,Washington Depot
6795,1,1970,21764,22355,Watertown
6795,2,1270,47204,48173,Watertown
6795,3,1050,64784,65821,Watertown
6795,4,830,71850,72924,Watertown
6795,5,1650,228527,231787,Watertown
6795,6,470,168566,172833,Watertown
6796,1,140,1416,1495,West Cornwall
6796,2,70,2537,2672,West Cornwall
6796,3,70,4485,4822,West Cornwall
6796,4,40,3545,3545,West Cornwall
6796,5,80,11760,12461,West Cornwall
6796,6,40,21049,21049,West Cornwall
6798,1,1330,14119,14636,Woodbury
6798,2,900,33345,34500,Woodbury
6798,3,730,44724,45822,Woodbury
6798,4,550,47853,48790,Woodbury
6798,5,1060,146598,149743,Woodbury
6798,6,540,229060,235399,Woodbury
6801,1,2710,31423,32270,Bethel
6801,2,1840,67463,69199,Bethel
6801,3,1300,80679,82261,Bethel
6801,4,1040,90195,91879,Bethel
6801,5,2140,298322,302867,Bethel
6801,6,750,232710,236708,Bethel
6804,1,2260,24174,25035,Brookfield
6804,2,1480,54912,56327,Brookfield
6804,3,1140,70325,72210,Brookfield
6804,4,950,82732,84685,Brookfield
6804,5,2050,289408,294181,Brookfield
6804,6,1030,409921,416607,Brookfield
6807,1,770,7639,8025,Cos Cob
6807,2,420,15331,16092,Cos Cob
6807,3,340,21184,21868,Cos Cob
6807,4,290,25329,25898,Cos Cob
6807,5,600,85690,87591,Cos Cob
6807,6,1010,704267,717467,Cos Cob
6810,1,10040,122884,125405,Danbury
6810,2,6700,240783,244049,Danbury
6810,3,3470,211943,214951,Danbury
6810,4,1930,166606,168204,Danbury
6810,5,2470,333718,338186,Danbury
6810,6,720,222928,228318,Danbury
6811,1,4240,49616,50848,Danbury
6811,2,3000,109756,111977,Danbury
6811,3,2170,134318,136840,Danbury
6811,4,1670,144787,146490,Danbury
6811,5,2930,401540,407456,Danbury
6811,6,1050,408165,415558,Danbury
6812,1,1800,19182,19642,New Fairfield
6812,2,950,34997,35732,New Fairfield
6812,3,780,48519,49603,New Fairfield
6812,4,710,61478,62646,New Fairfield
6812,5,1690,240091,243535,New Fairfield
6812,6,860,329246,334933,New Fairfield
6820,1,2200,19228,19780,Darien
6820,2,820,30086,30920,Darien
6820,3,600,37311,38311,Darien
6820,4,460,39420,40718,Darien
6820,5,1270,187344,193007,Darien
6820,6,4110,5540166,5594028,Darien
6824,1,3540,33380,34675,Fairfield
6824,2,1690,62525,65011,Fairfield
6824,3,1450,89139,92132,Fairfield
6824,4,1160,101339,104592,Fairfield
6824,5,2920,424996,436344,Fairfield
6824,6,4210,2550530,2603097,Fairfield
6825,1,2600,27177,28156,Fairfield
6825,2,1450,53575,55209,Fairfield
6825,3,1240,76590,78354,Fairfield
6825,4,900,78023,80022,Fairfield
6825,5,2050,293668,299318,Fairfield
6825,6,1470,550641,562695,Fairfield
6830,1,3340,36191,37540,Greenwich
6830,2,1840,67649,69385,Greenwich
6830,3,1280,79644,81472,Greenwich
6830,4,840,72717,74315,Greenwich
6830,5,1690,240897,247092,Greenwich
6830,6,3260,9112097,9187790,Greenwich
6831,1,1650,16534,17141,Greenwich
6831,2,910,33538,34524,Greenwich
6831,3,740,45748,46786,Greenwich
6831,4,540,46509,47551,Greenwich
6831,5,1230,177043,181104,Greenwich
6831,6,2270,4622038,4670959,Greenwich
6840,1,2100,18467,19145,New Canaan
6840,2,810,30257,31389,New Canaan
6840,3,590,36687,38002,New Canaan
6840,4,500,43800,44899,New Canaan
6840,5,1300,190730,197203,New Canaan
6840,6,3730,4792434,4859255,New Canaan
6850,1,2990,35727,36773,Norwalk
6850,2,2200,80895,82771,Norwalk
6850,3,1630,100797,102606,Norwalk
6850,4,1060,92165,94016,Norwalk
6850,5,1960,270466,275185,Norwalk
6850,6,910,346799,354559,Norwalk
6851,1,3900,44468,46011,Norwalk
6851,2,2750,102180,104434,Norwalk
6851,3,2080,128053,130874,Norwalk
6851,4,1580,137755,140287,Norwalk
6851,5,2850,398660,405370,Norwalk
6851,6,1350,500755,514161,Norwalk
6853,1,340,3159,3335,Norwalk
6853,2,140,5098,5326,Norwalk
6853,3,130,8155,8548,Norwalk
6853,4,120,10649,11049,Norwalk
6853,5,280,40191,41500,Norwalk
6853,6,710,711710,724868,Norwalk
6854,1,5460,66472,68193,Norwalk
6854,2,3630,131964,134235,Norwalk
6854,3,1950,119806,121832,Norwalk
6854,4,1110,95880,97032,Norwalk
6854,5,1570,214992,217833,Norwalk
6854,6,690,338446,344966,Norwalk
6855,1,1360,16197,16771,Norwalk
6855,2,880,32558,33432,Norwalk
6855,3,610,37176,37929,Norwalk
6855,4,380,32820,33516,Norwalk
6855,5,630,88108,89582,Norwalk
6855,6,410,245925,251678,Norwalk
6870,1,660,5834,6052,Old Greenwich
6870,2,270,10201,10610,Old Greenwich
6870,3,240,15030,15434,Old Greenwich
6870,4,200,17223,17981,Old Greenwich
6870,5,530,78498,81415,Old Greenwich
6870,6,1370,1611486,1628313,Old Greenwich
6877,1,2640,23672,24527,Ridgefield
6877,2,1120,40750,42244,Ridgefield
6877,3,1020,63619,65898,Ridgefield
6877,4,850,74217,76035,Ridgefield
6877,5,2400,348693,357646,Ridgefield
6877,6,3490,2311622,2349190,Ridgefield
6878,1,820,7528,7891,Riverside
6878,2,380,13817,14230,Riverside
6878,3,290,17776,18322,Riverside
6878,4,170,14839,15373,Riverside
6878,5,500,72904,74863,Riverside
6878,6,1480,2354260,2382670,Riverside
6880,1,3020,26581,27881,Westport
6880,2,1120,41125,43026,Westport
6880,3,940,58612,61240,Westport
6880,4,770,67511,70236,Westport
6880,5,1900,278945,289050,Westport
6880,6,4940,4853279,4946508,Westport
6883,1,1020,8712,9156,Weston
6883,2,390,14387,15325,Weston
6883,3,290,18014,18786,Weston
6883,4,240,21193,22457,Weston
6883,5,810,118904,123790,Weston
6883,6,1740,1285590,1310851,Weston
6890,1,490,4502,4739,Southport
6890,2,230,8528,8887,Southport
6890,3,150,9399,9608,Southport
6890,4,150,12648,13232,Southport
6890,5,370,53930,55666,Southport
6890,6,790,714328,725279,Southport
6896,1,950,8857,9314,Redding
6896,2,430,15750,16368,Redding
6896,3,400,25186,26338,Redding
6896,4,380,32931,34154,Redding
6896,5,960,138781,142393,Redding
6896,6,1090,566255,578487,Redding
6897,1,1970,16792,17459,Wilton
6897,2,730,26457,27690,Wilton
6897,3,590,36496,37836,Wilton
6897,4,510,44217,45551,Wilton
6897,5,1510,220079,228440,Wilton
6897,6,3090,2107753,2142469,Wilton
6901,1,1090,13903,14508,Stamford
6901,2,880,33040,33952,Stamford
6901,3,840,52148,52805,Stamford
6901,4,620,53313,53674,Stamford
6901,5,900,126712,128174,Stamford
6901,6,530,285181,289594,Stamford
6902,1,11800,146414,151391,Stamford
6902,2,8380,303249,308334,Stamford
6902,3,4530,278371,282564,Stamford
6902,4,2800,241494,244504,Stamford
6902,5,4100,566774,576959,Stamford
6902,6,2870,1650581,1686565,Stamford
6903,1,1510,14135,14766,Stamford
6903,2,700,25735,26708,Stamford
6903,3,590,36482,37623,Stamford
6903,4,470,40838,42120,Stamford
6903,5,1440,212948,220234,Stamford
6903,6,2350,1371256,1396850,Stamford
6905,1,2660,30006,31027,Stamford
6905,2,1920,71093,72973,Stamford
6905,3,1560,97047,99309,Stamford
6905,4,1280,111139,112949,Stamford
6905,5,2320,328645,334048,Stamford
6905,6,1440,615973,626112,Stamford
6906,1,1570,18174,18821,Stamford
6906,2,1140,41821,42687,Stamford
6906,3,720,44276,44966,Stamford
6906,4,530,46115,46567,Stamford
6906,5,760,105988,107328,Stamford
6906,6,360,126011,127644,Stamford
6907,1,1320,15413,15921,Stamford
6907,2,970,35601,36500,Stamford
6907,3,670,41887,42672,Stamford
6907,4,520,44805,45484,Stamford
6907,5,1020,144007,146404,Stamford
6907,6,490,179433,182379,Stamford